Username,Userid,Password,Address,Fullname,Phone,walletid
john12@gmail.com,6,xbsbhjs-jbwbja028,"731 Fondren, Houston, TX",John B Smith,6372819375,1
franklin82@gmail.com,9,xbsbhjs-jbwbjh726,"638 Voss, Houston, TX",Franklin T Wong,6672819375,4
alicia213@gmail.com,10,xbsbhjs-jbwbjv920,"3321 Castle, Spring, TX",Alicia J Zelaya,6283745162,5
jennifer13@gmail.com,11,xbsbhjs-jbwbgs628,"291 Berry, Bellaire, TX",Jennifer S Wallace,9263641238,6
ramesh56@gmail.com,12,hsusaka-jbwbja028,"975 Fire Oak, Humble, TX",Ramesh K Narayan,7236128493,7
joyce317@gmail.com,15,xbsbhjs-hsuska028,"5631 Rice, Houston, TX",Joyce A English,8237401937,10
ahmad08@gmail.com,18,xbsbhjs-jbwbj7290,"980 Dallas, Houston, TX",Ahmad V Jabbar,5128203745,13
james09@gmail.com,16,xbsbhjs-jbwbw928,"450 Stone, Houston, TX",James E Borg,6189374234,11
christy00@gmail.com,20,xbsbhjs-joruda028,"220 Rain Wood, Humble, TX",Christy M Walter,2830193743,15
stacy62@gmail.com,21,xbsbhjs-jbwmv128,"426 Palace, Spring, TX",Stacy K Green,6282919191,16
moss14@gmail.com,23,nchdus-jbwbja028,"291 Ranch, Bellaire, TX",Moss L Staurt,6734271818,18
